{"cameraMode":{"drawMode":0,"name":"Shaded","section":"Shading Mode"},"sceneLighting":true,"audioPlay":false,"sceneViewState":{"showFog":true,"showMaterialUpdate":false,"showSkybox":true,"showFlares":true,"showImageEffects":true,"showParticleSystems":true,"showVisualEffectGraphs":true,"m_FxEnabled":true},"in2DMode":false,"pivot":{"x":-4.035502910614014,"y":4.444764614105225,"z":2.6949870586395265},"rotation":{"x":0.025861995294690133,"y":0.35690388083457949,"z":0.00988533440977335,"w":-0.9337321519851685},"size":2.6165213584899904,"orthographic":false}