{"cameraMode":{"drawMode":0,"name":"Shaded","section":"Shading Mode"},"sceneLighting":true,"audioPlay":false,"sceneViewState":{"showFog":true,"showMaterialUpdate":false,"showSkybox":true,"showFlares":true,"showImageEffects":true,"showParticleSystems":true,"showVisualEffectGraphs":true,"m_FxEnabled":true},"in2DMode":false,"pivot":{"x":-2.8785436153411867,"y":4.2574872970581059,"z":3.3119630813598635},"rotation":{"x":-0.015920819714665414,"y":-0.6384734511375427,"z":-0.013212118297815323,"w":0.7693683505058289},"size":0.4813769459724426,"orthographic":false}