{"cameraMode":{"drawMode":0,"name":"Shaded","section":"Shading Mode"},"sceneLighting":true,"audioPlay":false,"sceneViewState":{"showFog":true,"showMaterialUpdate":false,"showSkybox":true,"showFlares":true,"showImageEffects":true,"showParticleSystems":true,"showVisualEffectGraphs":true,"m_FxEnabled":true},"in2DMode":false,"pivot":{"x":-19.072067260742189,"y":-0.5744209289550781,"z":14.093876838684082},"rotation":{"x":0.1064377948641777,"y":-0.4788115918636322,"z":0.058612752705812457,"w":0.8694703578948975},"size":10.867051124572754,"orthographic":false}