{"cameraMode":{"drawMode":0,"name":"Shaded","section":"Shading Mode"},"sceneLighting":true,"audioPlay":false,"sceneViewState":{"showFog":true,"showMaterialUpdate":false,"showSkybox":true,"showFlares":true,"showImageEffects":true,"showParticleSystems":true,"showVisualEffectGraphs":true,"m_FxEnabled":true},"in2DMode":false,"pivot":{"x":-5.012844085693359,"y":4.49277400970459,"z":-50.638309478759769},"rotation":{"x":-0.000011512110177136492,"y":-0.9999579191207886,"z":-0.0011904427083209158,"w":0.009606543928384781},"size":24.23389434814453,"orthographic":false}