{"cameraMode":{"drawMode":0,"name":"Shaded","section":"Shading Mode"},"sceneLighting":true,"audioPlay":false,"sceneViewState":{"showFog":true,"showMaterialUpdate":false,"showSkybox":true,"showFlares":true,"showImageEffects":true,"showParticleSystems":true,"showVisualEffectGraphs":true,"m_FxEnabled":true},"in2DMode":false,"pivot":{"x":-29.093828201293947,"y":6.179371356964111,"z":12.875402450561524},"rotation":{"x":-0.015920819714665414,"y":-0.6384734511375427,"z":-0.013212118297815323,"w":0.7693683505058289},"size":13.384669303894043,"orthographic":false}